{"Word":"And","Start":0.0,"End":0.48,"Word Index":119}
{"Word":"in","Start":0.48,"End":0.66,"Word Index":120}
{"Word":"the","Start":0.66,"End":0.8,"Word Index":121}
{"Word":"moments","Start":0.8,"End":1.12,"Word Index":122}
{"Word":"of","Start":1.12,"End":1.34,"Word Index":123}
{"Word":"absolute","Start":1.34,"End":1.8,"Word Index":124}
{"Word":"desperation","Start":1.8,"End":2.4,"Word Index":125}
{"Word":"of","Start":2.4,"End":2.62,"Word Index":126}
{"Word":"civilians,","Start":2.62,"End":3.14,"Word Index":127}
{"Word":"they","Start":3.6798412698,"End":4.1598412698,"Word Index":128}
{"Word":"were","Start":4.1598412698,"End":4.6398412698,"Word Index":129}
{"Word":"steadfast","Start":4.6398412698,"End":5.2398412698,"Word Index":130}
{"Word":"and","Start":5.2398412698,"End":5.7198412698,"Word Index":131}
{"Word":"calm","Start":5.7198412698,"End":6.1198412698,"Word Index":132}
{"Word":"and","Start":6.1198412698,"End":6.3798412698,"Word Index":133}
{"Word":"just","Start":6.3798412698,"End":6.5598412698,"Word Index":134}
{"Word":"talked","Start":6.5598412698,"End":6.7798412698,"Word Index":135}
{"Word":"to","Start":6.7798412698,"End":6.9398412698,"Word Index":136}
{"Word":"them","Start":6.9398412698,"End":7.0998412698,"Word Index":137}
{"Word":"and","Start":7.0998412698,"End":7.2798412698,"Word Index":138}
{"Word":"said,","Start":7.2798412698,"End":7.6598412698,"Word Index":139}
{"Word":"these","Start":7.5970068027,"End":7.8770068027,"Word Index":140}
{"Word":"people","Start":7.8770068027,"End":8.1970068027,"Word Index":141}
{"Word":"are","Start":8.1970068027,"End":8.4370068027,"Word Index":142}
{"Word":"also","Start":8.4370068027,"End":8.7570068027,"Word Index":143}
{"Word":"in","Start":8.7570068027,"End":8.9170068027,"Word Index":144}
{"Word":"the","Start":8.9170068027,"End":9.0370068027,"Word Index":145}
{"Word":"same","Start":9.0370068027,"End":9.1970068027,"Word Index":146}
{"Word":"boat","Start":9.1970068027,"End":9.3770068027,"Word Index":147}
{"Word":"that","Start":9.3770068027,"End":9.5570068027,"Word Index":148}
{"Word":"you","Start":9.5570068027,"End":9.6770068027,"Word Index":149}
{"Word":"are.","Start":9.6770068027,"End":9.8370068027,"Word Index":150}
{"Word":"They","Start":9.9370068027,"End":9.9770068027,"Word Index":151}
{"Word":"have","Start":9.9770068027,"End":10.0970068027,"Word Index":152}
{"Word":"no","Start":10.0970068027,"End":10.3370068027,"Word Index":153}
{"Word":"supplies.","Start":10.3370068027,"End":10.7370068027,"Word Index":154}
{"Word":"They","Start":10.8570068027,"End":10.9970068027,"Word Index":155}
{"Word":"also","Start":10.9970068027,"End":11.2570068027,"Word Index":156}
{"Word":"have","Start":11.2570068027,"End":11.5170068027,"Word Index":157}
{"Word":"no","Start":11.5170068027,"End":11.6770068027,"Word Index":158}
{"Word":"food","Start":11.6770068027,"End":11.8770068027,"Word Index":159}
{"Word":"and","Start":11.8770068027,"End":12.0970068027,"Word Index":160}
{"Word":"water.","Start":12.0970068027,"End":12.3170068027,"Word Index":161}
{"Word":"They","Start":12.3370068027,"End":12.5970068027,"Word Index":162}
{"Word":"are","Start":12.5970068027,"End":12.7770068027,"Word Index":163}
{"Word":"also","Start":12.7770068027,"End":13.0570068027,"Word Index":164}
{"Word":"sleeping","Start":13.0570068027,"End":13.3970068027,"Word Index":165}
{"Word":"outside","Start":13.3970068027,"End":13.7570068027,"Word Index":166}
{"Word":"on","Start":13.7570068027,"End":13.9570068027,"Word Index":167}
{"Word":"the","Start":13.9570068027,"End":14.1170068027,"Word Index":168}
{"Word":"concrete","Start":14.1170068027,"End":14.6770068027,"Word Index":169}
{"Word":"and","Start":14.6770068027,"End":15.5970068027,"Word Index":170}
{"Word":"did","Start":15.1459863946,"End":15.6859863946,"Word Index":171}
{"Word":"it","Start":15.6859863946,"End":15.8459863946,"Word Index":172}
{"Word":"in","Start":15.8459863946,"End":16.0059863946,"Word Index":173}
{"Word":"such","Start":16.0059863946,"End":16.1659863946,"Word Index":174}
{"Word":"a","Start":16.1659863946,"End":17.4259863946,"Word Index":175}
{"Word":"beautiful","Start":16.1019954649,"End":17.2819954649,"Word Index":176}
{"Word":"way","Start":17.2819954649,"End":17.6019954649,"Word Index":177}
{"Word":"that","Start":17.6019954649,"End":17.8619954649,"Word Index":178}
{"Word":"they","Start":17.8619954649,"End":18.0619954649,"Word Index":179}
{"Word":"were","Start":18.0619954649,"End":18.1819954649,"Word Index":180}
{"Word":"able","Start":18.1819954649,"End":18.3219954649,"Word Index":181}
{"Word":"to","Start":18.3219954649,"End":18.4619954649,"Word Index":182}
{"Word":"talk","Start":18.4619954649,"End":18.6619954649,"Word Index":183}
{"Word":"them","Start":18.6619954649,"End":18.8619954649,"Word Index":184}
{"Word":"down","Start":18.8619954649,"End":19.2019954649,"Word Index":185}
{"Word":"with","Start":18.6021088435,"End":19.0421088435,"Word Index":186}
{"Word":"love","Start":19.0421088435,"End":20.1221088435,"Word Index":187}
{"Word":"and","Start":20.1221088435,"End":20.3421088435,"Word Index":188}
{"Word":"kindness.","Start":20.3421088435,"End":20.6621088435,"Word Index":189}
{"Word":"There","Start":20.6621088435,"End":20.9021088435,"Word Index":190}
{"Word":"was","Start":20.9021088435,"End":21.0421088435,"Word Index":191}
{"Word":"no","Start":21.0421088435,"End":21.2821088435,"Word Index":192}
{"Word":"violence","Start":21.2821088435,"End":21.7621088435,"Word Index":193}
{"Word":"in","Start":21.7621088435,"End":22.0021088435,"Word Index":194}
{"Word":"their","Start":22.0021088435,"End":22.1621088435,"Word Index":195}
{"Word":"heart,","Start":22.1621088435,"End":22.3221088435,"Word Index":196}
{"Word":"and","Start":22.3221088435,"End":22.5021088435,"Word Index":197}
{"Word":"it","Start":22.5021088435,"End":22.6621088435,"Word Index":198}
{"Word":"calmed","Start":21.8520181406,"End":22.1520181406,"Word Index":199}
{"Word":"everyone","Start":22.1520181406,"End":22.4920181406,"Word Index":200}
{"Word":"around","Start":22.4920181406,"End":22.7720181406,"Word Index":201}
{"Word":"them","Start":22.7720181406,"End":22.9520181406,"Word Index":202}
{"Word":"down","Start":22.9520181406,"End":23.1520181406,"Word Index":203}
{"Word":"as","Start":23.1520181406,"End":23.3520181406,"Word Index":204}
{"Word":"well.","Start":23.3520181406,"End":23.6720181406,"Word Index":205}
{"Word":"Would","Start":24.7520181406,"End":25.0920181406,"Word Index":206}
{"Word":"you","Start":25.0920181406,"End":25.2920181406,"Word Index":207}
{"Word":"go","Start":25.2920181406,"End":25.4920181406,"Word Index":208}
{"Word":"back","Start":25.4920181406,"End":25.6720181406,"Word Index":209}
{"Word":"to","Start":25.6720181406,"End":25.8520181406,"Word Index":210}
{"Word":"Gaza?","Start":25.8520181406,"End":26.0720181406,"Word Index":211}
{"Word":"In","Start":26.3720181406,"End":26.5720181406,"Word Index":212}
{"Word":"a","Start":26.5720181406,"End":26.7120181406,"Word Index":213}
{"Word":"heartbeat,","Start":26.7120181406,"End":27.0320181406,"Word Index":214}
{"Word":"in","Start":26.7451473923,"End":27.0651473923,"Word Index":215}
{"Word":"an","Start":27.0651473923,"End":27.2851473923,"Word Index":216}
{"Word":"absolute","Start":27.2851473923,"End":27.6651473923,"Word Index":217}
{"Word":"heartbeat.","Start":27.6651473923,"End":28.1051473923,"Word Index":218}
{"Word":"My","Start":28.4651473923,"End":28.7451473923,"Word Index":219}
{"Word":"heart","Start":28.7451473923,"End":28.9251473923,"Word Index":220}
{"Word":"is","Start":28.9251473923,"End":29.0851473923,"Word Index":221}
{"Word":"in","Start":29.0851473923,"End":29.2251473923,"Word Index":222}
{"Word":"Gaza.","Start":29.2251473923,"End":29.5051473923,"Word Index":223}
{"Word":"It","Start":29.6651473923,"End":29.7651473923,"Word Index":224}
{"Word":"will","Start":29.7651473923,"End":29.8851473923,"Word Index":225}
{"Word":"stay","Start":29.8851473923,"End":30.0851473923,"Word Index":226}
{"Word":"in","Start":30.0851473923,"End":30.2451473923,"Word Index":227}
{"Word":"Gaza.",