{"Word":"It's","Start":0.0,"End":0.14,"Word Index":8}
{"Word":"incredible","Start":0.14,"End":0.44,"Word Index":9}
{"Word":"that","Start":-0.6009070295,"End":-0.2409070295,"Word Index":10}
{"Word":"this","Start":-0.2409070295,"End":1.0390929705,"Word Index":11}
{"Word":"took","Start":1.0390929705,"End":1.3790929705,"Word Index":12}
{"Word":"so","Start":1.3790929705,"End":1.8190929705,"Word Index":13}
{"Word":"long","Start":1.8190929705,"End":2.1990929705,"Word Index":14}
{"Word":"to","Start":2.1990929705,"End":2.5390929705,"Word Index":15}
{"Word":"get","Start":2.5390929705,"End":2.9390929705,"Word Index":16}
{"Word":"Americans,","Start":2.0159637188,"End":3.4559637188,"Word Index":17}
{"Word":"sick","Start":4.3759637188,"End":4.4759637188,"Word Index":18}
{"Word":"people,","Start":4.4759637188,"End":4.9959637188,"Word Index":19}
{"Word":"start","Start":5.4190702948,"End":5.6590702948,"Word Index":20}
{"Word":"to","Start":5.6590702948,"End":6.0790702948,"Word Index":21}
{"Word":"move","Start":6.0790702948,"End":6.2590702948,"Word Index":22}
{"Word":"through","Start":6.2590702948,"End":6.4790702948,"Word Index":23}
{"Word":"that","Start":6.4790702948,"End":6.6990702948,"Word Index":24}
{"Word":"Rafa","Start":6.6990702948,"End":6.9790702948,"Word Index":25}
{"Word":"border","Start":6.3906349206,"End":6.5706349206,"Word Index":26}
{"Word":"crossing.","Start":6.5706349206,"End":6.8906349206,"Word Index":27}
{"Word":"It's","Start":7.2906349206,"End":7.7706349206,"Word Index":28}
{"Word":"inexplicable.","Start":7.7706349206,"End":8.5706349206,"Word Index":29}
{"Word":"And","Start":8.8906349206,"End":8.9106349206,"Word Index":30}
{"Word":"we","Start":8.9106349206,"End":9.0506349206,"Word Index":31}
{"Word":"were","Start":9.0506349206,"End":9.2106349206,"Word Index":32}
{"Word":"desperate.","Start":9.2106349206,"End":9.7906349206,"Word Index":33}
{"Word":"We","Start":10.1506349206,"End":10.4106349206,"Word Index":34}
{"Word":"did","Start":10.0516553288,"End":10.4716553288,"Word Index":35}
{"Word":"a","Start":10.4716553288,"End":10.6716553288,"Word Index":36}
{"Word":"calorie","Start":10.6716553288,"End":10.9716553288,"Word Index":37}
{"Word":"count","Start":10.9716553288,"End":11.2116553288,"Word Index":38}
{"Word":"at","Start":11.2116553288,"End":11.3916553288,"Word Index":39}
{"Word":"one","Start":11.3916553288,"End":11.5516553288,"Word Index":40}
{"Word":"point","Start":11.5516553288,"End":11.7116553288,"Word Index":41}
{"Word":"based","Start":11.7116553288,"End":11.9116553288,"Word Index":42}
{"Word":"on","Start":11.9116553288,"End":12.0716553288,"Word Index":43}
{"Word":"our","Start":12.0716553288,"End":12.2316553288,"Word Index":44}
{"Word":"supplies","Start":12.2316553288,"End":12.6116553288,"Word Index":45}
{"Word":"and","Start":12.6116553288,"End":12.8516553288,"Word Index":46}
{"Word":"figured","Start":12.8516553288,"End":13.0716553288,"Word Index":47}
{"Word":"out","Start":13.0716553288,"End":13.3316553288,"Word Index":48}
{"Word":"that","Start":13.3316553288,"End":13.4716553288,"Word Index":49}
{"Word":"if","Start":13.4716553288,"End":13.5916553288,"Word Index":50}
{"Word":"all","Start":13.5916553288,"End":13.8316553288,"Word Index":51}
{"Word":"of","Start":13.8316553288,"End":13.9916553288,"Word Index":52}
{"Word":"us,","Start":13.9916553288,"End":14.2716553288,"Word Index":53}
{"Word":"there's","Start":14.3916553288,"End":14.5916553288,"Word Index":54}
{"Word":"50","Start":14.5916553288,"End":14.8316553288,"Word Index":55}
{"Word":"people","Start":14.8316553288,"End":15.0916553288,"Word Index":56}
{"Word":"with","Start":15.0916553288,"End":15.2516553288,"Word Index":57}
{"Word":"us","Start":15.2516553288,"End":15.4316553288,"Word Index":58}
{"Word":"living","Start":15.4316553288,"End":15.6316553288,"Word Index":59}
{"Word":"in","Start":15.6316553288,"End":15.7716553288,"Word Index":60}
{"Word":"a","Start":15.7716553288,"End":15.8916553288,"Word Index":61}
{"Word":"parking","Start":15.8916553288,"End":16.1116553288,"Word Index":62}
{"Word":"lot","Start":16.1116553288,"End":16.3316553288,"Word Index":63}
{"Word":"now,","Start":16.3316553288,"End":16.7516553288,"Word Index":64}
{"Word":"only","Start":17.2516553288,"End":17.6316553288,"Word Index":65}
{"Word":"ate","Start":17.6316553288,"End":17.9916553288,"Word Index":66}
{"Word":"700","Start":17.9916553288,"End":18.4516553288,"Word Index":67}
{"Word":"calories","Start":18.4516553288,"End":19.0516553288,"Word Index":68}
{"Word":"a","Start":19.0516553288,"End":19.2916553288,"Word Index":69}
{"Word":"day,","Start":19.2916553288,"End":19.5316553288,"Word Index":70}
{"Word":"if","Start":19.6316553288,"End":19.7716553288,"Word Index":71}
{"Word":"that's","Start":19.7716553288,"End":20.0116553288,"Word Index":72}
{"Word":"all","Start":19.4311564626,"End":19.5911564626,"Word Index":73}
{"Word":"we","Start":19.5911564626,"End":19.7511564626,"Word Index":74}
{"Word":"had,","Start":19.7511564626,"End":20.1111564626,"Word Index":75}
{"Word":"we","Start":20.1111564626,"End":20.3711564626,"Word Index":76}
{"Word":"had","Start":20.3711564626,"End":20.5711564626,"Word Index":77}
{"Word":"two","Start":20.5711564626,"End":20.7911564626,"Word Index":78}
{"Word":"days","Start":20.7911564626,"End":20.9711564626,"Word Index":79}
{"Word":"of","Start":20.9711564626,"End":21.1311564626,"Word Index":80}
{"Word":"food","Start":21.1311564626,"End":21.2911564626,"Word Index":81}
{"Word":"left.","Start":21.2911564626,"End":21.6311564626,"Word Index":82}
{"Word":"And","Start":21.9911564626,"End":22.0911564626,"Word Index":83}
{"Word":"that's","Start":22.0911564626,"End":22.3711564626,"Word Index":84}
{"Word":"it.","Start":22.3711564626,"End":22.6711564626,"Word Index":85}
{"Word":"And","Start":23.0711564626,"End":23.5511564626,"Word Index":86}
{"Word":"our","Start":23.5511564626,"End":23.8111564626,"Word Index":87}
{"Word":"national","Start":23.8111564626,"End":24.1111564626,"Word Index":88}
{"Word":"staff","Start":24.1111564626,"End":24.5311564626,"Word Index":89}
{"Word":"took","Start":24.5311564626,"End":25.3111564626,"Word Index":90}
{"Word":"off.","Start":25.3111564626,"End":25.5511564626,"Word Index":91}
{"Word":"We","Start":25.2399546485,"End":25.2799546485,"Word Index":92}
{"Word":"had","Start":25.2799546485,"End":25.3999546485,"Word Index":93}
{"Word":"no","Start":25.3999546485,"End":25.5399546485,"Word Index":94}
{"Word":"cell","Start":25.5399546485,"End":25.7799546485,"Word Index":95}
{"Word":"service","Start":25.7799546485,"End":26.0399546485,"Word Index":96}
{"Word":"at","Start":26.0399546485,"End":26.2399546485,"Word Index":97}
{"Word":"that","Start":26.2399546485,"End":26.3999546485,"Word Index":98}
{"Word":"point.","Start":25.7492290249,"End":25.9892290249,"Word Index":99}
{"Word":"So","Start":26.0092290249,"End":26.1092290249,"Word Index":100}
{"Word":"we","Start":26.1092290249,"End":26.1692290249,"Word Index":101}
{"Word":"had","Start":26.1692290249,"End":26.3092290249,"Word Index":102}
{"Word":"no","Start":26.3092290249,"End":26.4892290249,"Word Index":103}
{"Word":"idea","Start":26.4892290249,"End":26.8492290249,"Word Index":104}
{"Word":"what","Start":26.8492290249,"End":27.5892290249,"Word Index":105}
{"Word":"had","Start":27.5892290249,"End":27.7492290249,"Word Index":106}
{"Word":"happened","Start":27.7492290249,"End":27.9692290249,"Word Index":107}
{"Word":"to","Start":27.9692290249,"End":28.1292290249,"Word Index":108}
{"Word":"them.","Start":28.1292290249,"End":28.2292290249,"Word Index":109}
{"Word":"There's","Start":28.3092290249,"End":28.5292290249,"Word Index":110}
{"Word":"bombs","Start":28.0817687075,"End":28.3417687075,"Word Index":111}
{"Word":"going","Start":28.3417687075,"End":28.5417687075,"Word Index":112}
{"Word":"off","Start":28.5417687075,"End":28.8217687075,"Word Index":113}
{"Word":"all","Start":28.8217687075,"End":29.0417687075,"Word Index":114}
{"Word":"around","Start":29.0417687075,"End":29.3417687075,"Word Index":115}
{"Word":"us","Start":29.3417687075,"End":29.7017687075,