{"Word":"the","Start":0.0,"End":0.2,"Word Index":17}
{"Word":"hospitals","Start":0.2,"End":0.48,"Word Index":18}
{"Word":"are","Start":0.48,"End":0.76,"Word Index":19}
{"Word":"so","Start":0.76,"End":0.94,"Word Index":20}
{"Word":"overwhelmed","Start":0.94,"End":1.42,"Word Index":21}
{"Word":"they","Start":1.42,"End":2.0,"Word Index":22}
{"Word":"are","Start":2.0,"End":2.24,"Word Index":23}
{"Word":"being","Start":2.24,"End":2.46,"Word Index":24}
{"Word":"discharged","Start":2.46,"End":3.04,"Word Index":25}
{"Word":"immediately","Start":3.04,"End":3.64,"Word Index":26}
{"Word":"after","Start":3.64,"End":4.16,"Word Index":27}
{"Word":"and","Start":3.7901587302,"End":4.2501587302,"Word Index":28}
{"Word":"they're","Start":4.2501587302,"End":4.7501587302,"Word Index":29}
{"Word":"being","Start":4.7501587302,"End":4.8901587302,"Word Index":30}
{"Word":"discharged","Start":4.8901587302,"End":5.2901587302,"Word Index":31}
{"Word":"to","Start":5.2901587302,"End":5.4701587302,"Word Index":32}
{"Word":"these","Start":5.4701587302,"End":5.6301587302,"Word Index":33}
{"Word":"camps","Start":5.6301587302,"End":6.0301587302,"Word Index":34}
{"Word":"with","Start":6.0301587302,"End":6.5101587302,"Word Index":35}
{"Word":"no","Start":6.0166666667,"End":6.8366666667,"Word Index":36}
{"Word":"access","Start":6.8366666667,"End":7.1966666667,"Word Index":37}
{"Word":"to","Start":7.1966666667,"End":7.4766666667,"Word Index":38}
{"Word":"running","Start":7.4766666667,"End":7.6766666667,"Word Index":39}
{"Word":"water.","Start":7.6766666667,"End":7.9766666667,"Word Index":40}
{"Word":"There's","Start":8.1566666667,"End":8.3566666667,"Word Index":41}
{"Word":"50","Start":8.3566666667,"End":8.6166666667,"Word Index":42}
{"Word":",000","Start":8.6166666667,"End":8.9366666667,"Word Index":43}
{"Word":"people","Start":8.9366666667,"End":9.1566666667,"Word Index":44}
{"Word":"at","Start":9.1566666667,"End":9.3366666667,"Word Index":45}
{"Word":"that","Start":9.3366666667,"End":9.4766666667,"Word Index":46}
{"Word":"camp","Start":9.4766666667,"End":9.6766666667,"Word Index":47}
{"Word":"now","Start":9.6766666667,"End":9.8766666667,"Word Index":48}
{"Word":"in","Start":9.8766666667,"End":10.0366666667,"Word Index":49}
{"Word":"four","Start":10.0366666667,"End":10.2166666667,"Word Index":50}
{"Word":"toilets.","Start":10.2166666667,"End":10.7366666667,"Word Index":51}
{"Word":"They're","Start":10.9966666667,"End":11.3766666667,"Word Index":52}
{"Word":"given","Start":11.3766666667,"End":11.5366666667,"Word Index":53}
{"Word":"two","Start":11.1396598639,"End":11.3596598639,"Word Index":54}
{"Word":"hours","Start":11.3596598639,"End":11.5996598639,"Word Index":55}
{"Word":"of","Start":11.5996598639,"End":11.8596598639,"Word Index":56}
{"Word":"water","Start":11.8596598639,"End":12.1196598639,"Word Index":57}
{"Word":"every","Start":12.1196598639,"End":12.6596598639,"Word Index":58}
{"Word":"12","Start":12.6596598639,"End":12.9396598639,"Word Index":59}
{"Word":"hours.","Start":12.9396598639,"End":13.4596598639,"Word Index":60}
{"Word":"Four","Start":14.3796598639,"End":14.5396598639,"Word Index":61}
{"Word":"toilets","Start":14.0526303855,"End":14.3926303855,"Word Index":62}
{"Word":"for","Start":14.3926303855,"End":14.5726303855,"Word Index":63}
{"Word":"50","Start":14.5726303855,"End":14.8726303855,"Word Index":64}
{"Word":",000","Start":14.8726303855,"End":15.2126303855,"Word Index":65}
{"Word":"people.","Start":15.2126303855,"End":15.4726303855,"Word Index":66}
{"Word":"Yes,","Start":15.6326303855,"End":15.8526303855,"Word Index":67}
{"Word":"and","Start":16.4526303855,"End":17.1126303855,"Word Index":68}
{"Word":"that's","Start":17.1126303855,"End":17.2526303855,"Word Index":69}
{"Word":"where","Start":17.2526303855,"End":17.3526303855,"Word Index":70}
{"Word":"we","Start":17.3526303855,"End":17.4726303855,"Word Index":71}
{"Word":"were","Start":17.4726303855,"End":17.5926303855,"Word Index":72}
{"Word":"living","Start":17.1697278912,"End":17.3897278912,"Word Index":73}
{"Word":"too.","Start":17.3897278912,"End":17.7897278912,"Word Index":74}
{"Word":"And","Start":17.7897278912,"End":18.1697278912,"Word Index":75}
{"Word":"they","Start":18.1697278912,"End":18.4497278912,"Word Index":76}
{"Word":"have","Start":18.4497278912,"End":18.7097278912,"Word Index":77}
{"Word":"these","Start":18.7097278912,"End":18.9297278912,"Word Index":78}
{"Word":"fresh","Start":18.9297278912,"End":19.4497278912,"Word Index":79}
{"Word":"open","Start":19.4497278912,"End":19.9297278912,"Word Index":80}
{"Word":"burns","Start":19.9297278912,"End":20.4497278912,"Word Index":81}
{"Word":"and","Start":20.4497278912,"End":20.8097278912,"Word Index":82}
{"Word":"wounds","Start":20.8097278912,"End":21.1297278912,"Word Index":83}
{"Word":"and","Start":21.1297278912,"End":21.7097278912,"Word Index":84}
{"Word":"partial","Start":21.7097278912,"End":22.1297278912,"Word Index":85}
{"Word":"amputations","Start":22.1297278912,"End":22.8297278912,"Word Index":86}
{"Word":"that","Start":22.8297278912,"End":23.3097278912,"Word Index":87}
{"Word":"are","Start":23.3097278912,"End":23.5097278912,"Word Index":88}
{"Word":"just","Start":23.5097278912,"End":23.7697278912,"Word Index":89}
{"Word":"walking","Start":23.7697278912,"End":24.1097278912,"Word Index":90}
{"Word":"around","Start":24.1097278912,"End":24.4097278912,"Word Index":91}
{"Word":"these","Start":24.4097278912,"End":24.6697278912,"Word Index":92}
{"Word":"conditions","Start":24.6697278912,"End":25.1697278912,"Word Index":93}
{"Word":"and","Start":25.1697278912,"End":25.8497278912,"Word Index":94}
{"Word":"parents","Start":25.8497278912,"End":26.8297278912,"Word Index":95}
{"Word":"are","Start":26.8297278912,"End":27.1897278912,"Word Index":96}
{"Word":"bringing","Start":27.1897278912,"End":27.4897278912,"Word Index":97}
{"Word":"their","Start":27.4897278912,"End":27.7497278912,"Word Index":98}
{"Word":"children","Start":27.7497278912,"End":27.9897278912,"Word Index":99}
{"Word":"to","Start":27.4468253968,"End":27.6468253968,"Word Index":100}
{"Word":"us","Start":27.6468253968,"End":27.8668253968,"Word Index":101}
{"Word":"going,","Start":27.8668253968,"End":28.0468253968,"Word Index":102}
{"Word":"please","Start":28.2468253968,"End":28.4068253968,"Word Index":103}
{"Word":"can","Start":28.4068253968,"End":28.6268253968,"Word Index":104}
{"Word":"you","Start":28.6268253968,"End":28.7668253968,"Word Index":105}
{"Word":"help,","Start":28.7668253968,"End":29.0068253968,"Word Index":106}
{"Word":"please","Start":29.1668253968,"End":29.3068253968,"Word Index":107}
{"Word":"can","Start":29.3068253968,"End":29.5268253968,"Word Index":108}
{"Word":"you","Start":29.5268253968,"End":29.6668253968,"Word Index":109}
{"Word":"help,","Start":29.6668253968,"End":30.0468253968,"Word Index":110}
{"Word":"and","Start":30.0468253968,"End":30.5668253968,"Word Index":111}
{"Word":"we","Start":30.5668253968,"End":30.6668253968,"Word Index":112}
{"Word":"have","Start":30.6668253968,"End":30.7668253968,"Word Index":113}
{"Word":"no","Start":30.7668253968,"End":30.8868253968,"Word Index":114}
{"Word":"supplies.","Start":30.8868253968,"End":31.3868253968,"Word Index":115}
{"Word":"When","Start":31.9668253968,"End":32.2268253968,"Word Index":116}
{"Word":"in","Start":32.2268253968,"End":33.1668253968,"Word Index":117}
{"Word":"situations","Start":33.1668253968,"End":33.6668253968,"Word Index":118}
{"Word":"where","Start":33.6668253968,"End":33.9668253968,"Word Index":119}
{"Word":"there","Start":33.6572108844,"End":34.1972108844,"Word Index":120}
{"Word":"are","Start":34.1972108844,"End":34.5372108844,"Word Index":121}
{"Word":"tens","Start":34.5372108844,"End":34.7572108844,"Word Index":122}
{"Word":"of","Start":34.7572108844,"End":34.9572108844,"Word Index":123}
{"Word":"thousands","Start":34.3249206349,"End":34.5249206349,"Word Index":124}
{"Word":"of","Start":34.5249206349,"End":34.7449206349,"Word Index":125}
{"Word":"people","Start":34.7449206349,"End":35.0449206349,