{"Word":"They","Start":0.0,"End":0.18,"Word Index":120}
{"Word":"were","Start":0.18,"End":0.32,"Word Index":121}
{"Word":"incredible.","Start":0.32,"End":0.82,"Word Index":122}
{"Word":"I","Start":0.5952154195,"End":1.0552154195,"Word Index":123}
{"Word":"would","Start":1.0552154195,"End":1.2352154195,"Word Index":124}
{"Word":"like","Start":1.2352154195,"End":1.3752154195,"Word Index":125}
{"Word":"to","Start":1.3752154195,"End":1.5552154195,"Word Index":126}
{"Word":"send","Start":1.5552154195,"End":1.7152154195,"Word Index":127}
{"Word":"out","Start":1.7152154195,"End":1.8752154195,"Word Index":128}
{"Word":"a","Start":1.8752154195,"End":2.0152154195,"Word Index":129}
{"Word":"reminder","Start":2.0152154195,"End":2.3352154195,"Word Index":130}
{"Word":"that","Start":2.3352154195,"End":2.6352154195,"Word Index":131}
{"Word":"there","Start":2.6352154195,"End":2.8352154195,"Word Index":132}
{"Word":"are","Start":2.8352154195,"End":3.0752154195,"Word Index":133}
{"Word":"civilians","Start":3.0752154195,"End":3.4152154195,"Word Index":134}
{"Word":"seeking","Start":3.4152154195,"End":3.7552154195,"Word Index":135}
{"Word":"shelter","Start":3.7552154195,"End":4.0752154195,"Word Index":136}
{"Word":"there","Start":4.0752154195,"End":4.3952154195,"Word Index":137}
{"Word":"and","Start":4.3952154195,"End":4.7152154195,"Word Index":138}
{"Word":"that","Start":4.7152154195,"End":5.0352154195,"Word Index":139}
{"Word":"my","Start":5.0352154195,"End":5.3152154195,"Word Index":140}
{"Word":"doctors","Start":5.3152154195,"End":5.5552154195,"Word Index":141}
{"Word":"and","Start":5.5552154195,"End":5.7752154195,"Word Index":142}
{"Word":"nurses","Start":5.7752154195,"End":6.0352154195,"Word Index":143}
{"Word":"didn't","Start":6.0352154195,"End":6.3752154195,"Word Index":144}
{"Word":"leave","Start":6.3752154195,"End":6.6952154195,"Word Index":145}
{"Word":"out","Start":6.6952154195,"End":6.9352154195,"Word Index":146}
{"Word":"of","Start":6.9352154195,"End":7.1552154195,"Word Index":147}
{"Word":"loyalty","Start":7.1552154195,"End":7.5352154195,"Word Index":148}
{"Word":"to","Start":7.5352154195,"End":8.0152154195,"Word Index":149}
{"Word":"their","Start":8.0152154195,"End":8.1952154195,"Word Index":150}
{"Word":"community.","Start":8.1952154195,"End":8.6752154195,"Word Index":151}
{"Word":"And","Start":8.7708163265,"End":9.2508163265,"Word Index":152}
{"Word":"I","Start":9.2508163265,"End":9.6308163265,"Word Index":153}
{"Word":"know","Start":9.6308163265,"End":9.7908163265,"Word Index":154}
{"Word":"that","Start":9.7908163265,"End":9.9508163265,"Word Index":155}
{"Word":"there","Start":9.9508163265,"End":10.0908163265,"Word Index":156}
{"Word":"is","Start":10.0908163265,"End":10.2108163265,"Word Index":157}
{"Word":"an","Start":10.2108163265,"End":10.3508163265,"Word Index":158}
{"Word":"idea","Start":10.3508163265,"End":10.6108163265,"Word Index":159}
{"Word":"being","Start":10.6108163265,"End":10.8908163265,"Word Index":160}
{"Word":"pushed","Start":10.8908163265,"End":11.1708163265,"Word Index":161}
{"Word":"right","Start":11.1708163265,"End":11.3708163265,"Word Index":162}
{"Word":"now","Start":11.3708163265,"End":11.5308163265,"Word Index":163}
{"Word":"that","Start":11.5308163265,"End":11.6708163265,"Word Index":164}
{"Word":"anyone","Start":11.6708163265,"End":11.9508163265,"Word Index":165}
{"Word":"that","Start":11.9508163265,"End":12.1508163265,"Word Index":166}
{"Word":"stayed","Start":12.1508163265,"End":12.4108163265,"Word Index":167}
{"Word":"behind","Start":12.4108163265,"End":12.9108163265,"Word Index":168}
{"Word":"is","Start":13.5108163265,"End":13.8508163265,"Word Index":169}
{"Word":"going","Start":13.8508163265,"End":14.1508163265,"Word Index":170}
{"Word":"to","Start":14.1508163265,"End":14.2708163265,"Word Index":171}
{"Word":"be","Start":14.2708163265,"End":14.4308163265,"Word Index":172}
{"Word":"considered","Start":13.9750340136,"End":14.3950340136,"Word Index":173}
{"Word":"some","Start":14.3950340136,"End":14.7150340136,"Word Index":174}
{"Word":"kind","Start":14.7150340136,"End":14.9350340136,"Word Index":175}
{"Word":"of","Start":14.9350340136,"End":15.0150340136,"Word Index":176}
{"Word":"a","Start":15.0150340136,"End":15.1950340136,"Word Index":177}
{"Word":"threat.","Start":15.1950340136,"End":15.4750340136,"Word Index":178}
{"Word":"And","Start":16.1150340136,"End":16.5950340136,"Word Index":179}
{"Word":"I","Start":16.5950340136,"End":16.8150340136,"Word Index":180}
{"Word":"want","Start":16.8150340136,"End":16.9550340136,"Word Index":181}
{"Word":"to","Start":16.9550340136,"End":17.1150340136,"Word Index":182}
{"Word":"remind","Start":16.4034240363,"End":16.6434240363,"Word Index":183}
{"Word":"people","Start":16.6434240363,"End":16.9234240363,"Word Index":184}
{"Word":"that","Start":16.9234240363,"End":17.2234240363,"Word Index":185}
{"Word":"the","Start":17.2234240363,"End":17.4034240363,"Word Index":186}
{"Word":"people","Start":17.4034240363,"End":17.6034240363,"Word Index":187}
{"Word":"that","Start":17.6034240363,"End":17.7434240363,"Word Index":188}
{"Word":"stayed","Start":17.7434240363,"End":17.9834240363,"Word Index":189}
{"Word":"behind","Start":17.9834240363,"End":18.3034240363,"Word Index":190}
{"Word":"are","Start":18.3034240363,"End":18.4634240363,"Word Index":191}
{"Word":"heroes.","Start":18.4634240363,"End":18.7834240363,"Word Index":192}
{"Word":"The","Start":19.3434240363,"End":19.4234240363,"Word Index":193}
{"Word":"people","Start":19.4234240363,"End":19.6234240363,"Word Index":194}
{"Word":"that","Start":19.6234240363,"End":19.8034240363,"Word Index":195}
{"Word":"stayed","Start":19.8034240363,"End":20.0234240363,"Word Index":196}
{"Word":"behind","Start":20.0234240363,"End":20.4234240363,"Word Index":197}
{"Word":"are,","Start":20.4234240363,"End":20.6234240363,"Word Index":198}
{"Word":"they","Start":21.0364399093,"End":21.2564399093,"Word Index":199}
{"Word":"know","Start":21.2564399093,"End":21.4764399093,"Word Index":200}
{"Word":"they're","Start":21.4764399093,"End":21.6764399093,"Word Index":201}
{"Word":"gonna","Start":21.6764399093,"End":21.8164399093,"Word Index":202}
{"Word":"die","Start":21.8164399093,"End":22.1164399093,"Word Index":203}
{"Word":"and","Start":22.1164399093,"End":22.7764399093,"Word Index":204}
{"Word":"they're","Start":22.7764399093,"End":23.2164399093,"Word Index":205}
{"Word":"choosing","Start":23.2164399093,"End":23.4764399093,"Word Index":206}
{"Word":"to","Start":23.4764399093,"End":23.6764399093,"Word Index":207}
{"Word":"stay","Start":23.6764399093,"End":23.8764399093,"Word Index":208}
{"Word":"behind","Start":23.8764399093,"End":24.1164399093,"Word Index":209}
{"Word":"anyway.","Start":24.1164399093,"End":24.5764399093,"Word Index":210}
{"Word":"You're","Start":25.3878911565,"End":25.5278911565,"Word Index":211}
{"Word":"talking","Start":25.5278911565,"End":25.6078911565,"Word Index":212}
{"Word":"about","Start":25.6078911565,"End":25.7878911565,"Word Index":213}
{"Word":"doctors,","Start":25.7878911565,"End":26.0678911565,"Word Index":214}
{"Word":"nurses","Start":26.2278911565,"End":26.4078911565,"Word Index":215}
{"Word":"in","Start":26.4078911565,"End":26.6278911565,"Word Index":216}
{"Word":"the","Start":26.6278911565,"End":26.7278911565,"Word Index":217}
{"Word":"hospital.","Start":26.7278911565,"End":27.0278911565,"Word Index":218}
{"Word":"I","Start":27.5199319728,"End":27.9199319728,"Word Index":219}
{"Word":"wake","Start":27.9199319728,"End":28.1399319728,"Word Index":220}
{"Word":"up","Start":28.1399319728,"End":28.3399319728,"Word Index":221}
{"Word":"every","Start":28.3399319728,"End":28.5399319728,"Word Index":222}
{"Word":"morning","Start":28.5399319728,"End":28.8799319728,"Word Index":223}
{"Word":"and","Start":28.8799319728,"End":29.4599319728,"Word Index":224}
{"Word":"I","Start":29.4599319728,"End":29.6999319728,"Word Index":225}
{"Word":"send","Start":29.6999319728,"End":29.8999319728,"Word Index":226}
{"Word":"out","Start":29.8999319728,