{"Word":"He","Start":-0.2784580499,"End":0.2015419501,"Word Index":17}
{"Word":"was","Start":0.2015419501,"End":0.6415419501,"Word Index":18}
{"Word":"killed","Start":0.6415419501,"End":1.1615419501,"Word Index":19}
{"Word":"when","Start":1.1615419501,"End":1.4215419501,"Word Index":20}
{"Word":"the","Start":1.4215419501,"End":1.7615419501,"Word Index":21}
{"Word":"ambulance","Start":1.7615419501,"End":2.0215419501,"Word Index":22}
{"Word":"outside","Start":2.0215419501,"End":2.3015419501,"Word Index":23}
{"Word":"the","Start":2.3015419501,"End":2.4415419501,"Word Index":24}
{"Word":"hospital","Start":2.4415419501,"End":2.7015419501,"Word Index":25}
{"Word":"was","Start":2.7015419501,"End":2.8815419501,"Word Index":26}
{"Word":"blown","Start":2.8815419501,"End":3.0815419501,"Word Index":27}
{"Word":"up.","Start":2.1098185941,"End":2.6698185941,"Word Index":28}
{"Word":"And","Start":3.1898185941,"End":3.6698185941,"Word Index":29}
{"Word":"I","Start":3.6698185941,"End":3.8298185941,"Word Index":30}
{"Word":"was","Start":3.8298185941,"End":3.9698185941,"Word Index":31}
{"Word":"texting","Start":3.9698185941,"End":4.2298185941,"Word Index":32}
{"Word":"them","Start":4.2298185941,"End":4.4898185941,"Word Index":33}
{"Word":"when","Start":4.4898185941,"End":4.6498185941,"Word Index":34}
{"Word":"we","Start":4.6498185941,"End":4.7498185941,"Word Index":35}
{"Word":"got","Start":4.7498185941,"End":4.8698185941,"Word Index":36}
{"Word":"the","Start":4.8698185941,"End":5.0098185941,"Word Index":37}
{"Word":"evacuation","Start":5.0098185941,"End":5.4698185941,"Word Index":38}
{"Word":"orders","Start":5.4698185941,"End":5.7898185941,"Word Index":39}
{"Word":"and","Start":5.7898185941,"End":5.9098185941,"Word Index":40}
{"Word":"I","Start":5.9098185941,"End":6.0298185941,"Word Index":41}
{"Word":"said,","Start":6.0298185941,"End":6.2098185941,"Word Index":42}
{"Word":"did","Start":6.2898185941,"End":6.3498185941,"Word Index":43}
{"Word":"any","Start":6.3498185941,"End":6.6098185941,"Word Index":44}
{"Word":"of","Start":6.6098185941,"End":6.7298185941,"Word Index":45}
{"Word":"you","Start":6.7298185941,"End":6.8298185941,"Word Index":46}
{"Word":"move","Start":6.8298185941,"End":7.0098185941,"Word Index":47}
{"Word":"south?","Start":7.0098185941,"End":7.1898185941,"Word Index":48}
{"Word":"Did","Start":7.3098185941,"End":7.3898185941,"Word Index":49}
{"Word":"any","Start":7.3898185941,"End":7.6698185941,"Word Index":50}
{"Word":"of","Start":7.6698185941,"End":7.8098185941,"Word Index":51}
{"Word":"you","Start":7.8098185941,"End":7.9098185941,"Word Index":52}
{"Word":"get","Start":7.9098185941,"End":8.0698185941,"Word Index":53}
{"Word":"out?","Start":8.0698185941,"End":8.3098185941,"Word Index":54}
{"Word":"Like,","Start":8.3898185941,"End":8.4298185941,"Word Index":55}
{"Word":"are","Start":8.4298185941,"End":8.5498185941,"Word Index":56}
{"Word":"any","Start":8.5498185941,"End":8.7698185941,"Word Index":57}
{"Word":"of","Start":8.7698185941,"End":8.8698185941,"Word Index":58}
{"Word":"you","Start":8.8698185941,"End":8.9698185941,"Word Index":59}
{"Word":"coming","Start":8.9698185941,"End":9.2498185941,"Word Index":60}
{"Word":"down","Start":9.2498185941,"End":9.5098185941,"Word Index":61}
{"Word":"this","Start":9.5098185941,"End":9.7298185941,"Word Index":62}
{"Word":"way?","Start":9.7298185941,"End":10.0698185941,"Word Index":63}
{"Word":"And","Start":10.0698185941,"End":10.5498185941,"Word Index":64}
{"Word":"the","Start":10.5498185941,"End":11.1498185941,"Word Index":65}
{"Word":"only","Start":11.1498185941,"End":11.4498185941,"Word Index":66}
{"Word":"answer","Start":11.4498185941,"End":11.7498185941,"Word Index":67}
{"Word":"I","Start":11.3111337868,"End":11.5111337868,"Word Index":68}
{"Word":"got","Start":11.5111337868,"End":11.7511337868,"Word Index":69}
{"Word":"was,","Start":11.7511337868,"End":12.2311337868,"Word Index":70}
{"Word":"this","Start":12.4911337868,"End":12.8511337868,"Word Index":71}
{"Word":"is","Start":12.8511337868,"End":12.9711337868,"Word Index":72}
{"Word":"our","Start":12.9711337868,"End":13.1711337868,"Word Index":73}
{"Word":"community.","Start":13.1711337868,"End":13.5911337868,"Word Index":74}
{"Word":"This","Start":13.6111337868,"End":13.9511337868,"Word Index":75}
{"Word":"is","Start":13.5267800454,"End":13.6667800454,"Word Index":76}
{"Word":"our","Start":13.6667800454,"End":13.8267800454,"Word Index":77}
{"Word":"family.","Start":13.8267800454,"End":14.1867800454,"Word Index":78}
{"Word":"These","Start":14.2867800454,"End":14.4267800454,"Word Index":79}
{"Word":"are","Start":14.4267800454,"End":14.5667800454,"Word Index":80}
{"Word":"our","Start":14.5667800454,"End":14.8267800454,"Word Index":81}
{"Word":"friends.","Start":14.8267800454,"End":15.2467800454,"Word Index":82}
{"Word":"If","Start":16.0267800454,"End":16.5067800454,"Word Index":83}
{"Word":"they're","Start":16.5067800454,"End":16.7067800454,"Word Index":84}
{"Word":"gonna","Start":16.7067800454,"End":16.8267800454,"Word Index":85}
{"Word":"kill","Start":16.8267800454,"End":17.0667800454,"Word Index":86}
{"Word":"us,","Start":17.0667800454,"End":17.4267800454,"Word Index":87}
{"Word":"we're","Start":16.5570521542,"End":16.8170521542,"Word Index":88}
{"Word":"gonna","Start":16.8170521542,"End":16.9570521542,"Word Index":89}
{"Word":"die","Start":16.9570521542,"End":17.1770521542,"Word Index":90}
{"Word":"saving","Start":17.1770521542,"End":17.4770521542,"Word Index":91}
{"Word":"as","Start":17.4770521542,"End":17.6770521542,"Word Index":92}
{"Word":"many","Start":17.6770521542,"End":17.8970521542,"Word Index":93}
{"Word":"people","Start":17.8970521542,"End":18.1370521542,"Word Index":94}
{"Word":"as","Start":18.1370521542,"End":18.2970521542,"Word Index":95}
{"Word":"we","Start":18.2970521542,"End":18.4370521542,"Word Index":96}
{"Word":"can.","Start":18.4370521542,"End":18.7970521542,"Word Index":97}
{"Word":"And","Start":19.3170521542,"End":19.5570521542,"Word Index":98}
{"Word":"I","Start":19.5570521542,"End":19.6770521542,"Word Index":99}
{"Word":"said,","Start":19.6770521542,"End":19.8370521542,"Word Index":100}
{"Word":"if","Start":19.9170521542,"End":19.9370521542,"Word Index":101}
{"Word":"I","Start":19.9370521542,"End":20.0770521542,"Word Index":102}
{"Word":"can","Start":20.0770521542,"End":20.2770521542,"Word Index":103}
{"Word":"ever","Start":20.2770521542,"End":20.5770521542,"Word Index":104}
{"Word":"have","Start":20.5770521542,"End":21.0170521542,"Word Index":105}
{"Word":"an","Start":21.0170521542,"End":21.3170521542,"Word Index":106}
{"Word":"ounce","Start":21.3170521542,"End":21.6370521542,"Word Index":107}
{"Word":"of","Start":21.234399093,"End":21.994399093,"Word Index":108}
{"Word":"the","Start":22.6603401361,"End":23.1403401361,"Word Index":109}
{"Word":"heart","Start":23.1403401361,"End":23.3603401361,"Word Index":110}
{"Word":"that","Start":23.3603401361,"End":23.5403401361,"Word Index":111}
{"Word":"you","Start":23.5403401361,"End":23.6803401361,"Word Index":112}
{"Word":"have,","Start":23.6803401361,"End":24.1003401361,"Word Index":113}
{"Word":"I","Start":24.2603401361,"End":24.6403401361,"Word Index":114}
{"Word":"will","Start":24.6403401361,"End":24.9003401361,"Word Index":115}
{"Word":"die","Start":23.3615646259,"End":24.0615646259,"Word Index":116}
{"Word":"a","Start":24.0615646259,"End":24.2215646259,"Word Index":117}
{"Word":"happy","Start":24.2215646259,"End":24.4215646259,"Word Index":118}
{"Word":"person.","Start":24.4215646259,"End":24.8015646259,"Word Index":119}
{"Word":"They","Start":24.9815646259,"End":25.1615646259,"Word Index":120}
{"Word":"were","Start":25.1615646259,"End":25.3015646259,"Word Index":121}
{"Word":"incredible.","Start":25.3015646259,"End":25.8015646259,"Word Index":122}
{"Word":"I","Start":26.3215646259,"End":26.7815646259,"Word Index":123}
{"Word":"would","Start":26.7815646259,"End":26.9615646259,"Word Index":124}
{"Word":"like","Start":26.9615646259,"End":27.1015646259,"Word Index":125}
{"Word":"to",