{"Word":"Python,","Start":0.0,"End":0.36,"Word Index":105}
{"Word":"using","Start":0.38,"End":0.92,"Word Index":106}
{"Word":"something","Start":0.92,"End":1.16,"Word Index":107}
{"Word":"like","Start":1.16,"End":1.6,"Word Index":108}
{"Word":"PyTorch","Start":1.6,"End":2.08,"Word Index":109}
{"Word":"or","Start":2.08,"End":2.26,"Word Index":110}
{"Word":"TensorFlow.","Start":2.26,"End":2.74,"Word Index":111}
{"Word":"You","Start":2.86,"End":2.96,"Word Index":112}
{"Word":"say,","Start":2.96,"End":3.26,"Word Index":113}
{"Word":"here","Start":3.38,"End":3.62,"Word Index":114}
{"Word":"is","Start":3.62,"End":3.78,"Word Index":115}
{"Word":"the","Start":3.78,"End":3.96,"Word Index":116}
{"Word":"structure","Start":3.96,"End":4.38,"Word Index":117}
{"Word":"of","Start":4.38,"End":4.84,"Word Index":118}
{"Word":"my","Start":4.84,"End":5.22,"Word Index":119}
{"Word":"artificial","Start":5.22,"End":5.68,"Word Index":120}
{"Word":"intelligence","Start":5.68,"End":6.2,"Word Index":121}
{"Word":"network,","Start":6.2,"End":6.74,"Word Index":122}
{"Word":"and","Start":6.4509977324,"End":7.0709977324,"Word Index":123}
{"Word":"once","Start":7.0709977324,"End":7.3709977324,"Word Index":124}
{"Word":"I","Start":7.3709977324,"End":7.4909977324,"Word Index":125}
{"Word":"have","Start":7.4909977324,"End":7.6109977324,"Word Index":126}
{"Word":"that","Start":7.6109977324,"End":7.7509977324,"Word Index":127}
{"Word":"structure,","Start":7.7509977324,"End":8.0509977324,"Word Index":128}
{"Word":"I'm","Start":8.1509977324,"End":8.2509977324,"Word Index":129}
{"Word":"gonna","Start":8.2509977324,"End":8.3509977324,"Word Index":130}
{"Word":"write","Start":8.3509977324,"End":8.5309977324,"Word Index":131}
{"Word":"some","Start":8.5309977324,"End":8.6909977324,"Word Index":132}
{"Word":"code","Start":8.6909977324,"End":8.9509977324,"Word Index":133}
{"Word":"that","Start":8.9509977324,"End":9.1109977324,"Word Index":134}
{"Word":"can","Start":9.1109977324,"End":9.2709977324,"Word Index":135}
{"Word":"take","Start":9.2709977324,"End":9.5709977324,"Word Index":136}
{"Word":"in","Start":9.5709977324,"End":9.7109977324,"Word Index":137}
{"Word":"data,","Start":9.7109977324,"End":10.0109977324,"Word Index":138}
{"Word":"and","Start":10.1309977324,"End":10.4309977324,"Word Index":139}
{"Word":"I'll","Start":10.4309977324,"End":10.6109977324,"Word Index":140}
{"Word":"tell","Start":10.6109977324,"End":10.7309977324,"Word Index":141}
{"Word":"my","Start":10.7309977324,"End":10.8909977324,"Word Index":142}
{"Word":"artificial","Start":10.8909977324,"End":11.3109977324,"Word Index":143}
{"Word":"intelligence","Start":11.3109977324,"End":11.6909977324,"Word Index":144}
{"Word":"to","Start":11.6909977324,"End":12.1509977324,"Word Index":145}
{"Word":"get","Start":12.1509977324,"End":12.2909977324,"Word Index":146}
{"Word":"smarter","Start":12.2909977324,"End":12.7109977324,"Word Index":147}
{"Word":"using","Start":12.7109977324,"End":12.9909977324,"Word Index":148}
{"Word":"data,","Start":12.9909977324,"End":13.3109977324,"Word Index":149}
{"Word":"and","Start":13.0285487528,"End":13.3885487528,"Word Index":150}
{"Word":"that's","Start":13.3885487528,"End":13.6085487528,"Word Index":151}
{"Word":"all","Start":13.6085487528,"End":13.7285487528,"Word Index":152}
{"Word":"done","Start":13.7285487528,"End":13.8485487528,"Word Index":153}
{"Word":"in","Start":13.8485487528,"End":14.0485487528,"Word Index":154}
{"Word":"Python.","Start":14.0485487528,"End":14.3085487528,"Word Index":155}
{"Word":"But","Start":14.4085487528,"End":14.7085487528,"Word Index":156}
{"Word":"in","Start":14.7085487528,"End":14.9085487528,"Word Index":157}
{"Word":"2022,","Start":14.9085487528,"End":15.4685487528,"Word Index":158}
{"Word":"the","Start":15.5285487528,"End":15.7285487528,"Word Index":159}
{"Word":"way","Start":15.7285487528,"End":15.8485487528,"Word Index":160}
{"Word":"people","Start":15.8485487528,"End":16.0485487528,"Word Index":161}
{"Word":"write","Start":16.0485487528,"End":16.2485487528,"Word Index":162}
{"Word":"AI","Start":16.2485487528,"End":16.5285487528,"Word Index":163}
{"Word":"could","Start":16.5285487528,"End":16.9085487528,"Word Index":164}
{"Word":"be","Start":16.9085487528,"End":17.1085487528,"Word Index":165}
{"Word":"changing.","Start":17.1085487528,"End":17.4885487528,"Word Index":166}
{"Word":"There","Start":17.7685487528,"End":17.9885487528,"Word Index":167}
{"Word":"are","Start":17.6615873016,"End":17.9015873016,"Word Index":168}
{"Word":"these","Start":17.9015873016,"End":18.1015873016,"Word Index":169}
{"Word":"really","Start":18.1015873016,"End":18.8415873016,"Word Index":170}
{"Word":"large","Start":18.8415873016,"End":19.3415873016,"Word Index":171}
{"Word":"artificial","Start":19.3415873016,"End":19.8615873016,"Word Index":172}
{"Word":"intelligence","Start":19.8615873016,"End":20.2815873016,"Word Index":173}
{"Word":"networks","Start":20.2815873016,"End":20.7215873016,"Word Index":174}
{"Word":"which","Start":20.7215873016,"End":21.2615873016,"Word Index":175}
{"Word":"have","Start":21.2615873016,"End":21.4015873016,"Word Index":176}
{"Word":"been","Start":21.4015873016,"End":21.5615873016,"Word Index":177}
{"Word":"published,","Start":21.2014965986,"End":21.7614965986,"Word Index":178}
{"Word":"and","Start":21.7614965986,"End":22.0414965986,"Word Index":179}
{"Word":"sometimes","Start":22.0414965986,"End":22.4614965986,"Word Index":180}
{"Word":"writing","Start":22.4614965986,"End":22.8014965986,"Word Index":181}
{"Word":"AI","Start":22.8014965986,"End":23.1814965986,"Word Index":182}
{"Word":"is","Start":23.1814965986,"End":23.5014965986,"Word Index":183}
{"Word":"figuring","Start":23.5014965986,"End":23.8814965986,"Word Index":184}
{"Word":"out","Start":23.8814965986,"End":24.1014965986,"Word Index":185}
{"Word":"how","Start":24.1014965986,"End":24.1814965986,"Word Index":186}
{"Word":"to","Start":24.1814965986,"End":24.3414965986,"Word Index":187}
{"Word":"talk","Start":24.3414965986,"End":24.7014965986,"Word Index":188}
{"Word":"to","Start":24.7014965986,"End":24.9414965986,"Word Index":189}
{"Word":"these","Start":24.9414965986,"End":25.1214965986,"Word Index":190}
{"Word":"really","Start":25.1214965986,"End":25.6814965986,"Word Index":191}
{"Word":"billion","Start":25.6814965986,"End":26.4814965986,"Word Index":192}
{"Word":"-parameter","Start":26.4814965986,"End":27.0414965986,"Word Index":193}
{"Word":"neural","Start":27.0414965986,"End":27.4814965986,"Word Index":194}
{"Word":"networks.","Start":27.4814965986,"End":27.8814965986,"Word Index":195}
{"Word":"So","Start":28.0414965986,"End":28.0814965986,"Word Index":196}
{"Word":"you","Start":28.0814965986,"End":28.2014965986,"Word Index":197}
{"Word":"can","Start":28.2014965986,"End":28.3414965986,"Word Index":198}
{"Word":"put","Start":28.3414965986,"End":28.4814965986,"Word Index":199}
{"Word":"in","Start":28.4814965986,"End":28.6414965986,"Word Index":200}
{"Word":"prompts","Start":28.6414965986,"End":29.0614965986,"Word Index":201}
{"Word":"that","Start":29.0614965986,"End":29.4414965986,"Word Index":202}
{"Word":"would","Start":29.4414965986,"End":29.5814965986,"Word Index":203}
{"Word":"give","Start":29.5814965986,"End":29.7414965986,"Word Index":204}
{"Word":"you","Start":29.7414965986,"End":29.9014965986,"Word Index":205}
{"Word":"interesting","Start":29.9014965986,"End":30.2614965986,"Word Index":206}
{"Word":"answers.","Start":30.2614965986,"End":30.7814965986,"Word Index":207}
{"Word":"Kukielka","Start":31.0814965986,"End":31.5614965986,"Word Index":208}
{"Word":"Masiej","Start":31.5614965986,"End":32.3214965986,"Word Index":209}
{"Word":"asks,","Start":32.3214965986,"End":32.8014965986,"Word Index":210}
{"Word":"do","Start":33.2814965986,"End":33.3414965986,"Word Index":211}
{"Word":"you","Start":33.3414965986,"End":33.5214965986,"Word Index":212}
{"Word":"practice","Start":33.5214965986,"End":33.8214965986,"Word Index":213}
{"Word":"algorithms","Start":33.8214965986,"End":34.3614965986,