{"Word":"program","Start":0.0,"End":0.22,"Word Index":17}
{"Word":"saying,","Start":0.22,"End":0.48,"Word Index":18}
{"Word":"hi,","Start":0.92,"End":1.04,"Word Index":19}
{"Word":"I'm","Start":1.0993197279,"End":1.4793197279,"Word Index":20}
{"Word":"new","Start":1.4793197279,"End":1.5793197279,"Word Index":21}
{"Word":"to","Start":1.5793197279,"End":1.7193197279,"Word Index":22}
{"Word":"this","Start":1.7193197279,"End":1.8393197279,"Word Index":23}
{"Word":"world,","Start":1.8393197279,"End":2.0793197279,"Word Index":24}
{"Word":"tell","Start":2.2793197279,"End":2.3593197279,"Word Index":25}
{"Word":"me","Start":2.3593197279,"End":2.4593197279,"Word Index":26}
{"Word":"all","Start":2.4593197279,"End":2.5993197279,"Word Index":27}
{"Word":"about","Start":2.5993197279,"End":2.7993197279,"Word Index":28}
{"Word":"it.","Start":2.7993197279,"End":3.0593197279,"Word Index":29}
{"Word":"And","Start":3.2193197279,"End":3.3593197279,"Word Index":30}
{"Word":"then","Start":3.3593197279,"End":3.4793197279,"Word Index":31}
{"Word":"your","Start":3.4793197279,"End":3.5793197279,"Word Index":32}
{"Word":"program,","Start":3.5793197279,"End":3.9593197279,"Word Index":33}
{"Word":"in","Start":4.0918820862,"End":4.1718820862,"Word Index":34}
{"Word":"very","Start":4.1718820862,"End":4.4518820862,"Word Index":35}
{"Word":"cool","Start":4.4518820862,"End":4.6318820862,"Word Index":36}
{"Word":"faction,","Start":4.6318820862,"End":4.9918820862,"Word Index":37}
{"Word":"says","Start":5.0118820862,"End":5.3118820862,"Word Index":38}
{"Word":"I'm","Start":5.3118820862,"End":5.6518820862,"Word Index":39}
{"Word":"gonna","Start":5.6518820862,"End":5.7518820862,"Word Index":40}
{"Word":"print","Start":5.7518820862,"End":5.9318820862,"Word Index":41}
{"Word":"the","Start":5.9318820862,"End":6.0918820862,"Word Index":42}
{"Word":"numbers,","Start":6.0918820862,"End":6.4118820862,"Word Index":43}
{"Word":"the","Start":7.0318820862,"End":7.1918820862,"Word Index":44}
{"Word":"first","Start":7.1918820862,"End":7.4118820862,"Word Index":45}
{"Word":"10","Start":7.4118820862,"End":7.6318820862,"Word Index":46}
{"Word":"numbers.","Start":7.3606122449,"End":7.7006122449,"Word Index":47}
{"Word":"So","Start":7.8806122449,"End":7.9406122449,"Word Index":48}
{"Word":"it'll","Start":7.9406122449,"End":8.2206122449,"Word Index":49}
{"Word":"print","Start":8.2206122449,"End":8.4606122449,"Word Index":50}
{"Word":"zero,","Start":8.4606122449,"End":9.0006122449,"Word Index":51}
{"Word":"then","Start":9.0806122449,"End":9.1806122449,"Word Index":52}
{"Word":"one,","Start":9.1806122449,"End":9.4206122449,"Word Index":53}
{"Word":"then","Start":9.5206122449,"End":9.5806122449,"Word Index":54}
{"Word":"two,","Start":9.5806122449,"End":9.7806122449,"Word Index":55}
{"Word":"then","Start":9.8806122449,"End":9.9406122449,"Word Index":56}
{"Word":"three,","Start":9.9406122449,"End":10.1406122449,"Word Index":57}
{"Word":"then","Start":10.2406122449,"End":10.3206122449,"Word Index":58}
{"Word":"four,","Start":10.3206122449,"End":10.5206122449,"Word Index":59}
{"Word":"then","Start":10.6206122449,"End":10.6806122449,"Word Index":60}
{"Word":"five,","Start":10.6806122449,"End":10.9006122449,"Word Index":61}
{"Word":"then","Start":11.0206122449,"End":11.0806122449,"Word Index":62}
{"Word":"six,","Start":11.0806122449,"End":11.3006122449,"Word Index":63}
{"Word":"then","Start":11.4006122449,"End":11.4806122449,"Word Index":64}
{"Word":"seven,","Start":11.4806122449,"End":11.6606122449,"Word Index":65}
{"Word":"then","Start":11.7606122449,"End":11.8206122449,"Word Index":66}
{"Word":"eight,","Start":11.8206122449,"End":12.0406122449,"Word Index":67}
{"Word":"then","Start":12.1806122449,"End":12.2206122449,"Word Index":68}
{"Word":"nine.","Start":12.2206122449,"End":12.4006122449,"Word Index":69}
{"Word":"Main","Start":12.6006122449,"End":12.7206122449,"Word Index":70}
{"Word":"is","Start":12.7206122449,"End":13.0406122449,"Word Index":71}
{"Word":"what","Start":13.0406122449,"End":13.3206122449,"Word Index":72}
{"Word":"happens","Start":13.3206122449,"End":13.6806122449,"Word Index":73}
{"Word":"when","Start":13.6806122449,"End":13.9206122449,"Word Index":74}
{"Word":"somebody","Start":13.9206122449,"End":14.2206122449,"Word Index":75}
{"Word":"starts","Start":14.2206122449,"End":14.5206122449,"Word Index":76}
{"Word":"your","Start":14.5206122449,"End":14.7206122449,"Word Index":77}
{"Word":"program.","Start":14.7206122449,"End":14.9606122449,"Word Index":78}
{"Word":"So","Start":15.1006122449,"End":15.2406122449,"Word Index":79}
{"Word":"def","Start":15.2406122449,"End":15.4206122449,"Word Index":80}
{"Word":"main","Start":15.4206122449,"End":15.6006122449,"Word Index":81}
{"Word":"says,","Start":15.6006122449,"End":15.9206122449,"Word Index":82}
{"Word":"when","Start":16.1206122449,"End":16.3206122449,"Word Index":83}
{"Word":"someone","Start":16.3206122449,"End":16.5606122449,"Word Index":84}
{"Word":"starts","Start":16.5606122449,"End":16.8006122449,"Word Index":85}
{"Word":"your","Start":16.8006122449,"End":16.9606122449,"Word Index":86}
{"Word":"program,","Start":16.9606122449,"End":17.2806122449,"Word Index":87}
{"Word":"I'm","Start":17.3406122449,"End":17.6806122449,"Word Index":88}
{"Word":"gonna","Start":17.6806122449,"End":17.7806122449,"Word Index":89}
{"Word":"execute","Start":17.7806122449,"End":18.3406122449,"Word Index":90}
{"Word":"all","Start":18.3406122449,"End":18.6606122449,"Word Index":91}
{"Word":"of","Start":18.6606122449,"End":18.8406122449,"Word Index":92}
{"Word":"these","Start":18.8406122449,"End":18.9806122449,"Word Index":93}
{"Word":"commands.","Start":18.9806122449,"End":19.3806122449,"Word Index":94}
{"Word":"And","Start":19.4206122449,"End":19.6406122449,"Word Index":95}
{"Word":"then","Start":19.6406122449,"End":19.7206122449,"Word Index":96}
{"Word":"I","Start":19.7206122449,"End":19.8406122449,"Word Index":97}
{"Word":"write","Start":19.8406122449,"End":20.0006122449,"Word Index":98}
{"Word":"the","Start":20.0006122449,"End":20.1606122449,"Word Index":99}
{"Word":"commands","Start":20.1606122449,"End":20.5806122449,"Word Index":100}
{"Word":"one","Start":20.5806122449,"End":21.3206122449,"Word Index":101}
{"Word":"by","Start":21.3206122449,"End":21.5006122449,"Word Index":102}
{"Word":"one.","Start":21.5006122449,"End":21.8006122449,"Word Index":103}
{"Word":"The","Start":21.7312244898,"End":21.9712244898,"Word Index":104}
{"Word":"first","Start":21.9712244898,"End":22.2512244898,"Word Index":105}
{"Word":"command","Start":22.2512244898,"End":22.5712244898,"Word Index":106}
{"Word":"I","Start":22.5712244898,"End":22.7312244898,"Word Index":107}
{"Word":"wrote","Start":22.7312244898,"End":22.8712244898,"Word Index":108}
{"Word":"is","Start":22.8712244898,"End":23.2512244898,"Word Index":109}
{"Word":"print","Start":22.8952154195,"End":23.4952154195,"Word Index":110}
{"Word":"hello","Start":23.4952154195,"End":23.9552154195,"Word Index":111}
{"Word":"world.","Start":23.9552154195,"End":24.2752154195,"Word Index":112}
{"Word":"Print","Start":24.2752154195,"End":24.8152154195,"Word Index":113}
{"Word":"doesn't","Start":24.4072335601,"End":24.7472335601,"Word Index":114}
{"Word":"mean","Start":24.7472335601,"End":25.0472335601,"Word Index":115}
{"Word":"like","Start":25.0472335601,"End":25.3872335601,"Word Index":116}
{"Word":"print","Start":25.1250340136,"End":25.5450340136,"Word Index":117}
{"Word":"through","Start":25.5450340136,"End":26.0050340136,"Word Index":118}
{"Word":"your","Start":26.0050340136,"End":26.2050340136,"Word Index":119}
{"Word":"printer,","Start":25.8422675737,"End":26.1222675737,"Word Index":120}
{"Word":"it","Start":26.1222675737,"End":26.4222675737,"Word Index":121}
{"Word":"means","Start":26.4222675737,"End":26.6222675737,"Word Index":122}
{"Word":"show","Start":26.6222675737,"End":27.1622675737,"Word Index":123}
{"Word":"up","Start":27.1622675737,"End":27.6422675737,"Word Index":124}
{"Word":"on","Start":27.6422675737,"End":27.9822675737,