{"Word":"1800s,","Start":0.0,"End":0.88,"Word Index":36}
{"Word":"Ada","Start":0.88,"End":1.04,"Word Index":37}
{"Word":"Lovelace","Start":1.04,"End":1.48,"Word Index":38}
{"Word":"and","Start":1.48,"End":2.04,"Word Index":39}
{"Word":"another","Start":2.04,"End":2.48,"Word Index":40}
{"Word":"professor,","Start":2.48,"End":3.18,"Word Index":41}
{"Word":"Charles","Start":3.62,"End":3.84,"Word Index":42}
{"Word":"Babbage,","Start":3.84,"End":4.22,"Word Index":43}
{"Word":"they","Start":4.34,"End":4.44,"Word Index":44}
{"Word":"were","Start":4.44,"End":4.54,"Word Index":45}
{"Word":"saying,","Start":4.54,"End":4.74,"Word Index":46}
{"Word":"I","Start":4.9682086168,"End":5.0082086168,"Word Index":47}
{"Word":"think","Start":5.0082086168,"End":5.3282086168,"Word Index":48}
{"Word":"we","Start":5.3282086168,"End":5.5082086168,"Word Index":49}
{"Word":"could","Start":5.5082086168,"End":5.6682086168,"Word Index":50}
{"Word":"have","Start":5.6682086168,"End":5.8682086168,"Word Index":51}
{"Word":"computers","Start":5.8682086168,"End":6.3282086168,"Word Index":52}
{"Word":"that","Start":6.3282086168,"End":6.6282086168,"Word Index":53}
{"Word":"work","Start":6.6282086168,"End":6.9682086168,"Word Index":54}
{"Word":"on","Start":6.9682086168,"End":7.3482086168,"Word Index":55}
{"Word":"digital","Start":7.3482086168,"End":7.9082086168,"Word Index":56}
{"Word":"ones","Start":7.9082086168,"End":8.4282086168,"Word Index":57}
{"Word":"and","Start":8.4282086168,"End":8.7282086168,"Word Index":58}
{"Word":"zeros.","Start":8.7282086168,"End":9.0882086168,"Word Index":59}
{"Word":"And","Start":8.8607029478,"End":9.2407029478,"Word Index":60}
{"Word":"actually","Start":9.2407029478,"End":9.6607029478,"Word Index":61}
{"Word":"these","Start":9.6607029478,"End":9.9407029478,"Word Index":62}
{"Word":"things","Start":9.9407029478,"End":10.1407029478,"Word Index":63}
{"Word":"could","Start":10.1407029478,"End":10.3407029478,"Word Index":64}
{"Word":"solve","Start":10.3407029478,"End":10.5207029478,"Word Index":65}
{"Word":"problems.","Start":10.5207029478,"End":10.8607029478,"Word Index":66}
{"Word":"And","Start":10.9807029478,"End":11.2007029478,"Word Index":67}
{"Word":"Ada","Start":11.2007029478,"End":11.4607029478,"Word Index":68}
{"Word":"Lovelace,","Start":11.4607029478,"End":11.8807029478,"Word Index":69}
{"Word":"without","Start":12.0207029478,"End":12.3807029478,"Word Index":70}
{"Word":"even","Start":12.3807029478,"End":12.6807029478,"Word Index":71}
{"Word":"having","Start":12.6807029478,"End":13.0407029478,"Word Index":72}
{"Word":"a","Start":13.0407029478,"End":13.2207029478,"Word Index":73}
{"Word":"computer,","Start":13.2207029478,"End":13.4807029478,"Word Index":74}
{"Word":"started","Start":13.6607029478,"End":13.9407029478,"Word Index":75}
{"Word":"writing","Start":13.9407029478,"End":14.2607029478,"Word Index":76}
{"Word":"all","Start":14.2607029478,"End":14.5007029478,"Word Index":77}
{"Word":"these","Start":14.5007029478,"End":14.7207029478,"Word Index":78}
{"Word":"different","Start":14.7207029478,"End":15.1007029478,"Word Index":79}
{"Word":"algorithms","Start":15.1007029478,"End":15.6207029478,"Word Index":80}
{"Word":"and","Start":15.6207029478,"End":15.8807029478,"Word Index":81}
{"Word":"programs,","Start":15.8807029478,"End":16.3007029478,"Word Index":82}
{"Word":"when","Start":16.3007029478,"End":16.8407029478,"Word Index":83}
{"Word":"computers","Start":16.8407029478,"End":17.1807029478,"Word Index":84}
{"Word":"didn't","Start":17.1807029478,"End":17.3607029478,"Word Index":85}
{"Word":"even","Start":17.3607029478,"End":17.5007029478,"Word Index":86}
{"Word":"exist.","Start":17.5007029478,"End":17.9407029478,"Word Index":87}
{"Word":"And","Start":18.0407029478,"End":18.2407029478,"Word Index":88}
{"Word":"they","Start":18.2407029478,"End":18.3807029478,"Word Index":89}
{"Word":"kind","Start":18.3807029478,"End":18.5607029478,"Word Index":90}
{"Word":"of","Start":18.5607029478,"End":18.6607029478,"Word Index":91}
{"Word":"showed","Start":18.6607029478,"End":18.8007029478,"Word Index":92}
{"Word":"the","Start":18.8007029478,"End":18.9407029478,"Word Index":93}
{"Word":"world,","Start":18.9407029478,"End":19.0807029478,"Word Index":94}
{"Word":"this","Start":19.2207029478,"End":19.5207029478,"Word Index":95}
{"Word":"is","Start":19.5207029478,"End":19.6407029478,"Word Index":96}
{"Word":"gonna","Start":19.6407029478,"End":19.7607029478,"Word Index":97}
{"Word":"be","Start":19.7607029478,"End":19.9207029478,"Word Index":98}
{"Word":"cool","Start":19.9207029478,"End":20.1807029478,"Word Index":99}
{"Word":"once","Start":20.1807029478,"End":20.4807029478,"Word Index":100}
{"Word":"we","Start":20.4807029478,"End":20.6007029478,"Word Index":101}
{"Word":"have","Start":20.6007029478,"End":20.7007029478,"Word Index":102}
{"Word":"the","Start":20.7007029478,"End":20.8207029478,"Word Index":103}
{"Word":"electronics","Start":20.8207029478,"End":21.1807029478,"Word Index":104}
{"Word":"for","Start":21.1807029478,"End":21.4407029478,"Word Index":105}
{"Word":"it.","Start":21.4407029478,"End":21.8207029478,"Word Index":106}
{"Word":"Nihar","Start":22.1407029478,"End":22.3407029478,"Word Index":107}
{"Word":"DM","Start":22.0048979592,"End":22.3448979592,"Word Index":108}
{"Word":"asks,","Start":22.3448979592,"End":23.0248979592,"Word Index":109}
{"Word":"is","Start":23.4248979592,"End":23.5448979592,"Word Index":110}
{"Word":"coding","Start":23.5448979592,"End":23.7648979592,"Word Index":111}
{"Word":"required","Start":23.7648979592,"End":24.2048979592,"Word Index":112}
{"Word":"for","Start":24.2048979592,"End":24.4648979592,"Word Index":113}
{"Word":"web","Start":24.4648979592,"End":24.5848979592,"Word Index":114}
{"Word":"design?","Start":24.5848979592,"End":24.9048979592,"Word Index":115}
{"Word":"What's","Start":25.4048979592,"End":25.6048979592,"Word Index":116}
{"Word":"web","Start":25.6048979592,"End":25.7448979592,"Word Index":117}
{"Word":"design?","Start":25.7448979592,"End":26.0248979592,"Word Index":118}
{"Word":"Web","Start":26.1848979592,"End":26.2848979592,"Word Index":119}
{"Word":"design","Start":26.2848979592,"End":26.5048979592,"Word Index":120}
{"Word":"is","Start":26.5048979592,"End":26.7048979592,"Word Index":121}
{"Word":"when","Start":26.7048979592,"End":26.8648979592,"Word Index":122}
{"Word":"you","Start":26.8648979592,"End":27.0048979592,"Word Index":123}
{"Word":"make","Start":27.0048979592,"End":27.3648979592,"Word Index":124}
{"Word":"a","Start":27.3648979592,"End":27.5248979592,"Word Index":125}
{"Word":"website","Start":27.5248979592,"End":27.8648979592,"Word Index":126}
{"Word":"and","Start":27.8648979592,"End":28.3848979592,"Word Index":127}
{"Word":"that","Start":28.3848979592,"End":28.7248979592,"Word Index":128}
{"Word":"can","Start":28.7248979592,"End":28.9848979592,"Word Index":129}
{"Word":"often","Start":28.9848979592,"End":29.5448979592,"Word Index":130}
{"Word":"involve","Start":29.5448979592,"End":29.9448979592,"Word Index":131}
{"Word":"coding.","Start":29.9448979592,"End":30.3248979592,"Word Index":132}
{"Word":"It","Start":30.4248979592,"End":30.4848979592,"Word Index":133}
{"Word":"turns","Start":30.4848979592,"End":30.6448979592,"Word Index":134}
{"Word":"out","Start":30.6448979592,"End":30.8048979592,"Word Index":135}
{"Word":"a","Start":30.8048979592,"End":30.9848979592,"Word Index":136}
{"Word":"lot","Start":30.9848979592,"End":31.1048979592,"Word Index":137}
{"Word":"of","Start":31.1048979592,"End":31.2448979592,"Word Index":138}
{"Word":"the","Start":31.2448979592,"End":31.3848979592,"Word Index":139}
{"Word":"websites","Start":31.3848979592,"End":31.6448979592,"Word Index":140}
{"Word":"you","Start":31.6448979592,"End":31.8048979592,"Word Index":141}
{"Word":"interact","Start":31.8048979592,"End":32.0848979592,"Word Index":142}
{"Word":"with,","Start":32.0848979592,"End":32.3248979592,"Word Index":143}
{"Word":"they're","Start":32.3448979592,"End":32.7448979592,"Word Index":144}
{"Word":"running",